問題,回答
基金會的地址？,高雄市苓雅區海邊路31號7樓之2
基金會的電話？,( 07 ) 332－1068
基金會的傳真？,( 07 ) 332－3129
如何到達基金會？,搭輕軌：搭乘高雄輕軌於光榮碼頭站下車
發現實習計畫教育程度高中與大學的差別是？,企業會視工作內容而寫上希望的教育程度，有興趣的工作建議還是可以投遞履歷試試
大港青年實習媒合計畫我有應徵了什麼時候會收到面試通知？,視企業回覆時間，收到履歷後，有興趣想邀請來面試時，一般大約在3至5個工作天內會通知
大港青年實習媒合計畫會需要面試嗎？,是的，會需要面試，與找工作一樣的流程
面試之後什麼時候會收到錄取通知？,視企業回覆時間，面試後一般大約在3至5個工作天內會通知
大港青年實習媒合計畫實習期間可以請假嗎？,可以的，不過需依企業規定流程事前提出
每月薪資是什麼時候入帳？,依企業規定，大部分都有固定發薪日
我在計畫開始時間之後看到資訊還能應徵嗎？,計畫期間內都可以提出，只是要在計畫結束前完成實習時數
比較晚開始的話那計畫結束時間會統一嗎？,比較晚開始參與實習，仍會依照公告的計畫時間一起結束
錄取之後會提供Microsoft Office的軟體使用嗎？,有需要使用的企業且有提供電腦就會準備，如果有提供需要自備的，就會請實習生自備筆電及自行按裝軟體
基本美工軟體操作有規定的軟體嗎？,依企業規定，會在工作內容列出
需要準備自己的筆電嗎？,大部分的企業都有提供電腦，如果有請實習生自備的，會在工作內容內列出
實習結束會有證書嗎？,計畫沒有提供，部分企業有提供自己的實習證明
有其他相關大港青年計畫的問題要聯絡基金會的誰？,可以聯絡官方LINE @，或是洽詢電話: 07-3321068 轉分機51、52，聯絡信箱:khbigdream@sysme.org.tw
應徵資料送出後還能夠修改嗎？,送出給企業後無法再修改，修改的履歷會在下一個企業才會看到。
面試會採用實體還是線上？,依企業規定，在工作內容上或是面試通知時會告知
可以同時兼職其他工作嗎？,可以的，工作時間需自行安排，並請事先告知企業
開始實習前會有培訓或導覽嗎？,依企業規定，通常會有簡易的工作內容培訓以及熟悉環境的導覽
實習結束可以繼續留在基金會嗎？,實習是在企業內部，結束後不會留在基金會
實習時數能計算在學校實習時數嗎？,需先向學校確認，並需告知企業取得同意
實習時數能與學校合作需要先具備哪些資料嗎？,需先向學校確認，並需告知企業取得同意後依雙方規定準備資料
實習期滿會需要繳交成果報告嗎？,只要做前後測問卷以及填寫滿意度調查表即可
實習期間加班會有補貼嗎？,加班需依公司規定事前提出申請，並依勞基法計算
如果錄取後不想要實習了，要怎麼取消？,請主動與企業聯繫說明不想參與企業的實習原因
表現沒有很好實習中途會被解僱嗎？,企業會視實習時的表現做面談，有可能因學生無法適應工作內容、環境或配合公司的規範等等原因而終止實習合作
數位青年T大使推動計畫是什麼？,"T大使計畫申請辦法請參閱以下說明。
招募對象：大專院校應屆～畢業三年內且無正職青年 (民國111～115年畢)
含僑外生 (不含陸、港、澳)
計畫優勢
1.不限科系、不限年齡，跨域青年都能參與
2.完訓領取最高10.9萬元獎勵金＋最多6,000元考照補助
3.13週免費專案實戰培訓，中高階業師手把手帶領
4.實際參與數位轉型任務，累積實戰經驗、打造職涯優勢！"
數位青年T大使哪些內容屬於企業端負責的？,實作主題、內容的規劃，青年在實作場域配合企業規範實作與出席
數位青年T大使投遞履歷後什麼時候會收到面試通知？,依企業規定，大部分在3至5個工作天會聯繫
數位青年T大使面試結束後什麼時候會收到錄取通知？,依企業規定，大部分在3至5個工作天會聯繫
數位青年T大使若表現優秀，是否有推薦或延伸的工作機會？,企業如有職缺，會請企業優先考量青年人選，或是協助推薦工作
大港青年實習媒合計畫是什麼？,"跟您簡單介紹一下這個計畫案，本計畫提供給設立登記於高雄市之公司、工商行號、法人、機構或團體，或可提供高雄實習職缺之他縣市企業申請，
1.進用大專應屆畢業生青年局補助企業指導費1萬5千元。
2.進用高中職以上含大專及研究所在學生的話是補助1萬元整。
前提實習生須在企業實習時數達160小時以上，並提供學生薪資190元/小時，或最低基本工資28590元，且必須要幫學生投保勞保、就業保險及勞退、健保不強制。一家企業最高可申請30位名額。
只要是在高雄的學校念書或戶籍在高雄的學生都符合資格"
大港青年實習媒合計畫對我們企業有什麼好處？,簡單來說企業可以透過青年局本計畫案招募到優秀的在校或應屆畢業人才，讓青年畢業後能直接接軌就業市場，將結合產官學研資源，因本企畫案青年局有所補助，既可以減少企業教育人才的必要支出，透過實習計畫增加人才到職率。
大港青年實習媒合計畫有詳細資料參考嗎？,"待會會寄一封信向您說明本次計畫內容及申請方式~
方便跟您確認聯絡人/電話(分機)/信箱嗎？
如果有不清楚或想要更了解細部規範，可以加入官方賴或來電。"
我沒有看到信耶,好的沒關係，因信件可能被歸類到垃圾信件夾，懇請幫我留意，方便留下您或負責人資人員的電子信箱及聯絡分機嗎?待會再補寄一封信說明本次計畫內容及申請方式。
有啊已經填表了,好的謝謝您，在這之前貴公司提出的職缺會由青年局那邊做初步審核，審核通過會再以email通知，核定時間約10至14個工作天，謝謝您。
今年應該是不會,"好的沒關係，方便向您請教原因嗎?
（註記下來原因）"
,
,
,
,
,
,
,
,
,
,
,
,
,
,
,
,
,
,
,
,
,
,
,
,
,
,
,
,
,
,
,
,
,
,
,
,
,
,
,
,
,
,
,
,
,
,
,
,
,
,
,
,
,
,
,
,
,
,
,
,
,
,
,
,
,
,
,
,
,
,
,
,
,
,
,
,
,
,
,
,
,
,
,
,
,
,
,
,
,
,
,
,
,
,
,
,
,
,
,
,
,
,
,
,
,
,
,
,
,
,
,
,
,
,
,
,
,
,
,
,
,
,
,
,
,
,
,
,
,
,
,
,
,
,
,
,
,
,
,
,
,
,
,
,
,
,
,
,
,
,
,
,
,
,
,
,
,
,
,
,
,
,
,
,
,
,
,
,
,
,
,
,
,
,
,
,
,
,
,
,
,
,
,
,
,
,
,
,
,
,
,
,
,
,
,
,
,
,
,
,
,
,
,
,
,
,
,
,
,
,
,
,
,
,
,
,
,
,
,
,
,
,
,
,
,
,
,
,
,
,
,
,
,
,
,
,
,
,
,
,
,
,
,
,
,
,
,
,
,
,
,
,
,
,
,
,
,
,
,
,
,
,
,
,
,
,
,
,
,
,
,
,
,
,
,
,
,
,
,
,
,
,
,
,
,
,
,
,
,
,
,
,
,
,
,
,
,
,
,
,
,
,
,
,
,
,
,
,
,
,
,
,
,
,
,
,
,
,
,
,
,
,
,
,
,
,
,
,
,
,
,
,
,
,
,
,
,
,
,
,
,
,
,
,
,
,
,
,
,
,
,
,
,
,
,
,
,
,
,
,
,
,
,
,
,
,
,
,
,
,
,
,
,
,
,
,
,
,
,
,
,
,
,
,
,
,
,
,
,
,
,
,
,
,
,
,
,
,
,
,
,
,
,
,
,
,
,
,
,
,
,
,
,
,
,
,
,
,
,
,
,
,
,
,
,
,
,
,
,
,
,
,
,
,
,
,
,
,
,
,
,
,
,
,
,
,
,
,
,
,
,
,
,
,
,
,
,
,
,
,
,
,
,
,
,
,
,
,
,
,
,
,
,
,
,
,
,
,
,
,
,
,
,
,
,
,
,
,
,
,
,
,
,
,
,
,
,
,
,
,
,
,
,
,
,
,
,
,
,
,
,
,
,
,
,
,
,
,
,
,
,
,
,
,
,
,
,
,
,
,
,
,
,
,
,
,
,
,
,
,
,
,
,
,
,
,
,
,
,
,
,
,
,
,
,
,
,
,
,
,
,
,
,
,
,
,
,
,
,
,
,
,
,
,
,
,
,
,
,
,
,
,
,
,
,
,
,
,
,
,
,
,
,
,
,
,
,
,
,
,
,
,
,
,
,
,
,
,
,
,
,
,
,
,
,
,
,
,
,
,
,
,
,
,
,
,
,
,
,
,
,
,
,
,
,
,
,
,
,
,
,
,
,
,
,
,
,
,
,
,
,
,
,
,
,
,
,
,
,
,
,
,
,
,
,
,
,
,
,
,
,
,
,
,
,
,
,
,
,
,
,
,
,
,
,
,
,
,
,
,
,
,
,
,
,
,
,
,
,
,
,
,
,
,
,
,
,
,
,
,
,
,
,
,
,
,
,
,
,
,
,
,
,
,
,
,
,
,
,
,
,
,
,
,
,
,
,
,
,
,
,
,
,
,
,
,
,
,
,
,
,
,
,
,
,
,
,
,
,
,
,
,
,
,
,
,
,
,
,
,
,
,
,
,
,
,
,
,
,
,
,
,
,
,
,
,
,
,
,
,
,
,
,
,
,
,
,
,
,
,
,
,
,
,
,
,
,
,
,
,
,
,
,
,
,
,
,
,
,
,
,
,
,
,
,
,
,
,
,
,
,
,
,
,
,
,
,
,
,
,
,
,
,
,
,
,
,
,
,
,
,
,
,
,
,
,
,
,
,
,
,
,
,
,
,
,
,
,
,
,
,
,
,
,
,
,
,
,
,
,
,
,
,
,
,
,
,
,
,
,
,
,
,
,
,
,
,
,
,
,
,
,
,
,
,
,
,
,
,
,
,
,
,
,
,
,
,
,
,
,
,
,
,
,
,
,
,
,
,
,
,
,
,
,
,
,
,
,
,
,
,
,
,
,
,
,
,
,
,
,
,
,
,
,
,
,
,
,
,
,
,
,
,
,
,
,
,
,
,
,
,
,
,
,
,
,
,
,
,
,
